{"info":{"_postman_id":"93b67917-93c3-45ce-bba5-15fc595bcf7f","name":"New Collection","schema":"https://schema.getpostman.com/json/collection/v2.1.0/collection.json"},"item":[{"name":"PostmanTests","item":[{"name":"API tests","item":[{"name":"PositiveScenario_StatusValidation","event":[{"listen":"test","script":{"id":"5b056c56-6b52-4d60-9b2b-705ffa6d00cb","exec":["pm.test(\"response is ok\", function () {","    pm.response.to.have.status(200);","});","",""],"type":"text/javascript"}}],"id":"4063167f-d039-4248-bee1-79fd2379bab2","protocolProfileBehavior":{"disableBodyPruning":true},"request":{"method":"GET","header":[],"url":{"raw":"http://universities.hipolabs.com/search?country=United+States","protocol":"http","host":["universities","hipolabs","com"],"path":["search"],"query":[{"key":"country","value":"United+States"}]},"description":"This test is to validate the response status code. This Snippet is also available on the right sidebar under `Status code: Code in 200`."},"response":[{"id":"0b9db719-9cf2-4627-a683-5922e72b6559","name":"Status","originalRequest":{"method":"GET","header":[],"url":{"raw":"https://postman-echo.com/get?foo1=bar1&foo2=bar2","protocol":"https","host":["postman-echo","com"],"path":["get"],"query":[{"key":"foo1","value":"bar1"},{"key":"foo2","value":"bar2"}]}},"status":"OK","code":200,"_postman_previewlanguage":"json","header":[{"key":"Content-Encoding","value":"gzip"},{"key":"Content-Type","value":"application/json; charset=utf-8"},{"key":"Date","value":"Thu, 15 Nov 2018 22:21:20 GMT"},{"key":"ETag","value":"W/\"1cd-LkUKVugbVYQuMcTU7OTzmp77cMo\""},{"key":"Server","value":"nginx"},{"key":"Vary","value":"Accept-Encoding"},{"key":"Content-Length","value":"348"},{"key":"Connection","value":"keep-alive"}],"cookie":[],"responseTime":null,"body":"{\n    \"args\": {\n        \"foo1\": \"bar1\",\n        \"foo2\": \"bar2\"\n    },\n    \"headers\": {\n        \"x-forwarded-proto\": \"https\",\n        \"host\": \"postman-echo.com\",\n        \"accept\": \"*/*\",\n        \"accept-encoding\": \"gzip, deflate\",\n        \"cache-control\": \"no-cache\",\n        \"cookie\": \"sails.sid=s%3AK8csWt5VZ3Oalv85HiBtffDcrSOJ-RiP.V14RjjJqkOv8%2BLXuHRmZ9l50G8S6eU16yLU%2F3N%2F0dKU\",\n        \"postman-token\": \"c6b9bca5-7369-4da8-a539-6c906d1133f2\",\n        \"user-agent\": \"PostmanRuntime/7.3.0\",\n        \"x-forwarded-port\": \"443\"\n    },\n    \"url\": \"https://postman-echo.com/get?foo1=bar1&foo2=bar2\"\n}"}]},{"name":"NegativeScenario_StatusValidation Copy","event":[{"listen":"test","script":{"id":"5b056c56-6b52-4d60-9b2b-705ffa6d00cb","exec":["pm.test(\"Response Text\", function () {","\tpm.expect(pm.response.text()).to.include(\"United States\")","})","",""],"type":"text/javascript"}}],"id":"aa3f7b39-8c5d-496a-8089-19ad255097ea","protocolProfileBehavior":{"disableBodyPruning":true},"request":{"method":"GET","header":[],"url":{"raw":"http://universities.hipolabs.com/search?name=United+States1","protocol":"http","host":["universities","hipolabs","com"],"path":["search"],"query":[{"key":"name","value":"United+States1"}]},"description":"This test is to validate the response status code. This Snippet is also available on the right sidebar under `Status code: Code in 200`."},"response":[{"id":"e321ad81-1b0e-48ab-84cf-376f50d463b4","name":"Status","originalRequest":{"method":"GET","header":[],"url":{"raw":"https://postman-echo.com/get?foo1=bar1&foo2=bar2","protocol":"https","host":["postman-echo","com"],"path":["get"],"query":[{"key":"foo1","value":"bar1"},{"key":"foo2","value":"bar2"}]}},"status":"OK","code":200,"_postman_previewlanguage":"json","header":[{"key":"Content-Encoding","value":"gzip"},{"key":"Content-Type","value":"application/json; charset=utf-8"},{"key":"Date","value":"Thu, 15 Nov 2018 22:21:20 GMT"},{"key":"ETag","value":"W/\"1cd-LkUKVugbVYQuMcTU7OTzmp77cMo\""},{"key":"Server","value":"nginx"},{"key":"Vary","value":"Accept-Encoding"},{"key":"Content-Length","value":"348"},{"key":"Connection","value":"keep-alive"}],"cookie":[],"responseTime":null,"body":"{\n    \"args\": {\n        \"foo1\": \"bar1\",\n        \"foo2\": \"bar2\"\n    },\n    \"headers\": {\n        \"x-forwarded-proto\": \"https\",\n        \"host\": \"postman-echo.com\",\n        \"accept\": \"*/*\",\n        \"accept-encoding\": \"gzip, deflate\",\n        \"cache-control\": \"no-cache\",\n        \"cookie\": \"sails.sid=s%3AK8csWt5VZ3Oalv85HiBtffDcrSOJ-RiP.V14RjjJqkOv8%2BLXuHRmZ9l50G8S6eU16yLU%2F3N%2F0dKU\",\n        \"postman-token\": \"c6b9bca5-7369-4da8-a539-6c906d1133f2\",\n        \"user-agent\": \"PostmanRuntime/7.3.0\",\n        \"x-forwarded-port\": \"443\"\n    },\n    \"url\": \"https://postman-echo.com/get?foo1=bar1&foo2=bar2\"\n}"}]}],"id":"47750731-c07c-4486-9fb4-b816c22fe479","description":"This folder contains examples of testing a single HTTP API request.\n\nIn the Postman app, under the \"Tests\" tab for each request, notice the test(s) written to validate specific assertions. Some of these tests are available as a \"Snippet\" on the right sidebar.\n\nSend each request to see the results under the \"Test Results\" tab in the response viewer.","event":[{"listen":"prerequest","script":{"type":"text/javascript","exec":[""]}},{"listen":"test","script":{"type":"text/javascript","exec":[""]}}]}],"id":"496c68d5-1d28-459f-b551-e4b1478e51c3"}]}