{"info":{"_postman_id":"e629f8a0-b4d6-4ccb-88d3-8aa81342f866","name":"API testing basics","description":"# 🧪 Get started here\n\nPostman's powerful [scripting feature](https://learning.postman.com/docs/writing-scripts/intro-to-scripts/) helps you to write a range of API tests in JavaScript, including integration, regression, and contract tests.\n\nThis template demonstrates how to work with the Postman basic test syntax to test a single HTTP API request.\n\n## 🔖 How to use this template?\n\n#### Step 1: Send requests\n\nSend the sample requests and view the response and test results.\n\n#### Step 2: Update the sample request URL\n\nReplace the sample request URLs with your desired API endpoints.\n\n#### Step 3: Customize tests\n\nCustomize the tests in the \"Tests\" tab if needed. Don't forget to save your changes.\n\n## 💪 Quick tips for writing tests\n\n- Organize your test scenarios by grouping your requests in [collections](https://www.getpostman.com/docs/v6/postman/collections/intro_to_collections) and [folders](https://www.getpostman.com/docs/v6/postman/collections/managing_collections#adding-folders), and naming them descriptively\n- Document your API’s requirements using [markdown in the descriptions](https://www.getpostman.com/docs/v6/postman/collections/using_markdown_for_descriptions)\n- Use [variables](https://www.getpostman.com/docs/v6/postman/environments_and_globals/variables) to simulate more sophisticated user flows\n- Common tests that will be run after every request can be added to collection-level tests or folder-level tests\n    \n\n## 💡Related templates\n\n[API documentation](https://go.postman.co/redirect/workspace?type=personal&collectionTemplateId=e9c28f47-1253-44af-a2f3-20dce4da1f18&sourceTemplateId=e9a37a28-055b-49cd-8c7e-97494a21eb54)  \n[REST API basics](https://go.postman.co/redirect/workspace?type=personal&collectionTemplateId=ddb19591-3097-41cf-82af-c84273e56719&sourceTemplateId=e9a37a28-055b-49cd-8c7e-97494a21eb54)  \n[Authorization methods](https://go.postman.co/redirect/workspace?type=personal&collectionTemplateId=31a9a6ed-4cdf-4ced-984c-d12c9aec1c27&sourceTemplateId=e9a37a28-055b-49cd-8c7e-97494a21eb54)  \n[Integration testing](https://go.postman.co/redirect/workspace?type=personal&collectionTemplateId=fe506090-ca91-4340-bea9-82d2c3d2bb9a&sourceTemplateId=e9a37a28-055b-49cd-8c7e-97494a21eb54)  \n[Regression testing](https://go.postman.co/redirect/workspace?type=personal&collectionTemplateId=7ab0f80e-a964-46ee-b948-4a4e3a85809c&sourceTemplateId=e9a37a28-055b-49cd-8c7e-97494a21eb54)","schema":"https://schema.getpostman.com/json/collection/v2.1.0/collection.json"},"item":[],"event":[{"listen":"prerequest","script":{"type":"text/javascript","exec":[""]}},{"listen":"test","script":{"type":"text/javascript","exec":[""]}}]}